table,column,classification,approved,approved_by,approved_date,note
animals.parquet,calf_start,derived,,,,
animals.parquet,category_name,derived,,,,
animals.parquet,cow_start,derived,,,,
animals.parquet,days_active_after_exit,derived,,,,
animals.parquet,donor_start,derived,,,,
animals.parquet,entry_date,derived,,,,
animals.parquet,exit_date,derived,,,,
animals.parquet,exit_reason,derived,,,,
animals.parquet,exit_reason_group,derived,,,,
animals.parquet,first_calving_date,derived,,,,
animals.parquet,first_movement_date,derived,,,,
animals.parquet,first_preg_check,derived,,,,
animals.parquet,first_service_date,derived,,,,
animals.parquet,first_sire_use_date,derived,,,,
animals.parquet,group_names,derived,,,,
animals.parquet,growing_start,derived,,,,
animals.parquet,inactivated_date,invented,,,,No CattleMax field. Built from last_activity and named like a fact. Not approved.
animals.parquet,last_activity_date,derived,,,,
animals.parquet,last_service_date,derived,,,,
animals.parquet,n_calves,derived,,,,
animals.parquet,phase_now,derived,,,,
animals.parquet,recipient_start,derived,,,,
animals.parquet,sale_ticket_date,derived,,,,
animals.parquet,sire_start,derived,,,,
bulls.parquet,adj_ww,derived,,,,
bulls.parquet,adj_yw,derived,,,,
bulls.parquet,age_at_first_use_mo,derived,,,,
bulls.parquet,age_now_mo,derived,,,,
bulls.parquet,breeding_methods,derived,,,,
bulls.parquet,bse_outcome,derived,,,,
bulls.parquet,bull_role,derived,,,,
bulls.parquet,calf_start,derived,,,,
bulls.parquet,category_name,derived,,,,
bulls.parquet,cow_start,derived,,,,
bulls.parquet,days_active_after_exit,derived,,,,
bulls.parquet,donor_start,derived,,,,
bulls.parquet,entry_date,derived,,,,
bulls.parquet,ever_failed_bse,derived,,,,
bulls.parquet,ever_used_as_sire,derived,,,,
bulls.parquet,exit_date,derived,,,,
bulls.parquet,exit_reason,derived,,,,
bulls.parquet,exit_reason_group,derived,,,,
bulls.parquet,first_bse_date,derived,,,,
bulls.parquet,first_calving_date,derived,,,,
bulls.parquet,first_movement_date,derived,,,,
bulls.parquet,first_preg_check,derived,,,,
bulls.parquet,first_service_date,derived,,,,
bulls.parquet,first_sire_use,derived,,,,
bulls.parquet,first_sire_use_date,derived,,,,
bulls.parquet,group_names,derived,,,,
bulls.parquet,growing_start,derived,,,,
bulls.parquet,inactivated_date,invented,,,,No CattleMax field. Built from last_activity and named like a fact. Not approved.
bulls.parquet,last_activity_date,derived,,,,
bulls.parquet,last_bse_class,derived,,,,
bulls.parquet,last_bse_date,derived,,,,
bulls.parquet,last_bse_motility,derived,,,,
bulls.parquet,last_bse_normal,derived,,,,
bulls.parquet,last_bse_scrotal,derived,,,,
bulls.parquet,last_service_date,derived,,,,
bulls.parquet,last_sire_use,derived,,,,
bulls.parquet,n_bse,derived,,,,
bulls.parquet,n_calves,derived,,,,
bulls.parquet,n_progeny,derived,,,,
bulls.parquet,n_services_as_sire,derived,,,,
bulls.parquet,n_weights,derived,,,,
bulls.parquet,phase_now,derived,,,,
bulls.parquet,recipient_start,derived,,,,
bulls.parquet,sale_ticket_date,derived,,,,
bulls.parquet,sire_start,derived,,,,
calf_fates.parquet,age_at_transition,derived,,,,
calf_fates.parquet,c_age_exit,derived,,,,
calf_fates.parquet,c_age_now,derived,,,,
calf_fates.parquet,c_birth,derived,,,,
calf_fates.parquet,c_exit,derived,,,,
calf_fates.parquet,c_reason,derived,,,,
calf_fates.parquet,c_reason_group,derived,,,,
calf_fates.parquet,c_sex,derived,,,,
calf_fates.parquet,c_status,derived,,,,
calf_fates.parquet,c_wean,derived,,,,
calf_fates.parquet,calf_birth_date,derived,,,,
calf_fates.parquet,calf_id,derived,,,,
calf_fates.parquet,calf_in_animals,derived,,,,
calf_fates.parquet,delivered,derived,,,,
calf_fates.parquet,loss_type,derived,,,,
calf_fates.parquet,neonatal_days,derived,,,,
calf_fates.parquet,outcome,derived,,,,
calf_fates.parquet,outcome_final,derived,,,,
calf_fates.parquet,outcome_stage,derived,,,,
calf_fates.parquet,parity,derived,,,,
calf_fates.parquet,season_index,derived,,,,
calf_fates.parquet,season_start,derived,,,,
calf_fates.parquet,transition_date,derived,,,,
calf_fates.parquet,transition_kind,derived,,,,
calf_fates.parquet,transitioned,derived,,,,
calf_fates.parquet,weaned,derived,,,,
cow_lactations.parquet,age_at_calving_yrs,derived,,,,
cow_lactations.parquet,age_at_start_days,derived,,,,
cow_lactations.parquet,any_et,derived,,,,
cow_lactations.parquet,breeding_season,derived,,,,
cow_lactations.parquet,breeding_type,derived,,,,
cow_lactations.parquet,calf_birth_date,derived,,,,
cow_lactations.parquet,calf_crop,derived,,,,
cow_lactations.parquet,calf_id,derived,,,,
cow_lactations.parquet,calf_sex,derived,,,,
cow_lactations.parquet,calved,derived,,,,
cow_lactations.parquet,calving_interval_days,derived,,,,
cow_lactations.parquet,censored,derived,,,,
cow_lactations.parquet,crop_type,derived,,,,
cow_lactations.parquet,crop_year,derived,,,,
cow_lactations.parquet,dam_status,derived,,,,
cow_lactations.parquet,days_to_first_service,derived,,,,
cow_lactations.parquet,donor,derived,,,,
cow_lactations.parquet,exit_date,derived,,,,
cow_lactations.parquet,exit_reason,derived,,,,
cow_lactations.parquet,exit_reason_group,derived,,,,
cow_lactations.parquet,exposed,derived,,,,
cow_lactations.parquet,first_service,derived,,,,
cow_lactations.parquet,gestation_days,derived,,,,
cow_lactations.parquet,interval_ready,derived,,,,
cow_lactations.parquet,last_service,derived,,,,
cow_lactations.parquet,lost_before_calving,derived,,,,
cow_lactations.parquet,methods,derived,,,,
cow_lactations.parquet,n_calves_born,derived,,,,
cow_lactations.parquet,n_preg_checks,derived,,,,
cow_lactations.parquet,n_services,derived,,,,
cow_lactations.parquet,outcome,derived,,,,
cow_lactations.parquet,parity,derived,,,,
cow_lactations.parquet,rate_ready,derived,,,,
cow_lactations.parquet,recipient,derived,,,,
cow_lactations.parquet,record_horizon,derived,,,,
cow_lactations.parquet,retained_to_due,derived,,,,
cow_lactations.parquet,season_days,derived,,,,
cow_lactations.parquet,season_end,derived,,,,
cow_lactations.parquet,season_index,derived,,,,
cow_lactations.parquet,season_start,derived,,,,
cow_scorecard.parquet,age_yrs,derived,,,,
cow_scorecard.parquet,calvings,derived,,,,
cow_scorecard.parquet,delivered,derived,,,,
cow_scorecard.parquet,exit_reason_group,derived,,,,
cow_scorecard.parquet,failure_mode,derived,,,,
cow_scorecard.parquet,final,derived,,,,
cow_scorecard.parquet,first_season,derived,,,,
cow_scorecard.parquet,here,derived,,,,
cow_scorecard.parquet,intervals,derived,,,,
cow_scorecard.parquet,into_herd,derived,,,,
cow_scorecard.parquet,last_season,derived,,,,
cow_scorecard.parquet,left_open,derived,,,,
cow_scorecard.parquet,long_interval_days,derived,,,,
cow_scorecard.parquet,lost,derived,,,,
cow_scorecard.parquet,lost_birth,derived,,,,
cow_scorecard.parquet,lost_postWean,derived,,,,
cow_scorecard.parquet,lost_preWean,derived,,,,
cow_scorecard.parquet,lost_unknown,derived,,,,
cow_scorecard.parquet,med_interval,derived,,,,
cow_scorecard.parquet,neonatal_days,derived,,,,
cow_scorecard.parquet,open_record_complete,derived,,,,
cow_scorecard.parquet,pct_calved,derived,,,,
cow_scorecard.parquet,pct_delivered,derived,,,,
cow_scorecard.parquet,pct_left_open,derived,,,,
cow_scorecard.parquet,pct_slipped,derived,,,,
cow_scorecard.parquet,preliminary,derived,,,,
cow_scorecard.parquet,rankable,derived,,,,
cow_scorecard.parquet,seasons,derived,,,,
cow_scorecard.parquet,slipped,derived,,,,
cow_scorecard.parquet,sold,derived,,,,
cow_scorecard.parquet,unknowable,derived,,,,
disease_cases.parquet,age_days_at_onset,derived,,,,
disease_cases.parquet,age_months_at_onset,derived,,,,
disease_cases.parquet,case_fatal,derived,,,,
disease_cases.parquet,case_gap_days,derived,,,,
disease_cases.parquet,case_id,derived,,,,
disease_cases.parquet,clock_true,derived,,,,
disease_cases.parquet,day_of_phase,derived,,,,
disease_cases.parquet,day_of_phase_clean,derived,,,,
disease_cases.parquet,days_to_death,derived,,,,
disease_cases.parquet,death_window_days,derived,,,,
disease_cases.parquet,disease,derived,,,,
disease_cases.parquet,duration_days,derived,,,,
disease_cases.parquet,end_date,derived,,,,
disease_cases.parquet,exit_date,derived,,,,
disease_cases.parquet,exit_reason_group,derived,,,,
disease_cases.parquet,max_temp,derived,,,,
disease_cases.parquet,n_treatments,derived,,,,
disease_cases.parquet,outcome,derived,,,,
disease_cases.parquet,pasture_name,derived,,,,
disease_cases.parquet,phase_at_onset,derived,,,,
disease_cases.parquet,phase_at_start,derived,,,,
disease_cases.parquet,phase_length_days,derived,,,,
disease_cases.parquet,start_date,derived,,,,
disease_cases.parquet,substances,derived,,,,
exclusions.parquet,detail,derived,,,,
exclusions.parquet,n_animals,derived,,,,
exclusions.parquet,n_records,derived,,,,
exclusions.parquet,reason,derived,,,,
exclusions.parquet,recorded,derived,,,,
exclusions.parquet,recoverable,derived,,,,
exclusions.parquet,table,derived,,,,
locations.parquet,age_days_at_start,derived,,,,
locations.parquet,days,derived,,,,
locations.parquet,entry_date,derived,,,,
locations.parquet,exit_date,derived,,,,
locations.parquet,from_date,derived,,,,
locations.parquet,is_last,derived,,,,
locations.parquet,pasture_name,derived,,,,
locations.parquet,phase_at_start,derived,,,,
locations.parquet,seq,derived,,,,
locations.parquet,to_date,derived,,,,
phase_risk.parquet,age_days_at_phase_start,derived,,,,
phase_risk.parquet,clock_true,derived,,,,
phase_risk.parquet,cohort,derived,,,,
phase_risk.parquet,cohort_season,derived,,,,
phase_risk.parquet,cohort_sort,derived,,,,
phase_risk.parquet,cohort_year,derived,,,,
phase_risk.parquet,days_anchor_late,derived,,,,
phase_risk.parquet,days_at_risk,derived,,,,
phase_risk.parquet,ended_by,derived,,,,
phase_risk.parquet,exit_date,derived,,,,
phase_risk.parquet,phase,derived,,,,
phase_risk.parquet,phase_clock,derived,,,,
phase_risk.parquet,phase_end,derived,,,,
phase_risk.parquet,phase_start,derived,,,,
treatments.parquet,active_substance,derived,,,,
treatments.parquet,age_days_at_treatment,derived,,,,
treatments.parquet,age_months_at_treatment,derived,,,,
treatments.parquet,body_location,derived,,,,
treatments.parquet,dam_status,derived,,,,
treatments.parquet,disease_category,derived,,,,
treatments.parquet,drug_class,derived,,,,
treatments.parquet,in_animals_parquet,derived,,,,
treatments.parquet,is_preventative,derived,,,,
treatments.parquet,is_therapeutic,derived,,,,
treatments.parquet,phase_at_treatment,derived,,,,
treatments.parquet,raw_category,derived,,,,
treatments.parquet,record_horizon,derived,,,,
treatments.parquet,treatment_id,derived,,,,
treatments.parquet,treatment_intent,derived,,,,
treatments.parquet,withdrawal_days,derived,,,,
animals.parquet,animal_id,sourced,,,,
animals.parquet,animal_type,sourced,,,,
animals.parquet,birth_date,sourced,,,,
animals.parquet,category_id,sourced,,,,
animals.parquet,death_date,sourced,,,,
animals.parquet,ear_tag,sourced,,,,
animals.parquet,entry_rule,derived,,,,
animals.parquet,exit_reason_source,derived,,,,
animals.parquet,exit_rule,derived,,,,
animals.parquet,flag_activity_after_exit,derived,,,,
animals.parquet,flag_date_after_pull,derived,,,,
animals.parquet,flag_entry_estimated,derived,,,,
animals.parquet,flag_exit_before_entry,derived,,,,
animals.parquet,flag_exit_estimated,derived,,,,
animals.parquet,flag_left_no_reason,derived,,,,
animals.parquet,flag_left_undated,derived,,,,
animals.parquet,flag_no_birth_date,derived,,,,
animals.parquet,flag_placeholder_birth,derived,,,,
animals.parquet,flag_weaning_after_exit,derived,,,,
animals.parquet,flag_weaning_assumed,derived,,,,
animals.parquet,name,sourced,,,,
animals.parquet,purchase_date,sourced,,,,
animals.parquet,purchased,sourced,,,,
animals.parquet,sale_date,sourced,,,,
animals.parquet,sex,sourced,,,,
animals.parquet,status,sourced,,,,
animals.parquet,weaning_date,sourced,,,,
animals.parquet,weaning_source,derived,,,,
bulls.parquet,animal_id,sourced,,,,
bulls.parquet,animal_type,sourced,,,,
bulls.parquet,birth_date,sourced,,,,
bulls.parquet,birth_weight,sourced,,,,
bulls.parquet,category_id,sourced,,,,
bulls.parquet,death_date,sourced,,,,
bulls.parquet,ear_tag,sourced,,,,
bulls.parquet,entry_rule,derived,,,,
bulls.parquet,exit_reason_source,derived,,,,
bulls.parquet,exit_rule,derived,,,,
bulls.parquet,flag_activity_after_exit,derived,,,,
bulls.parquet,flag_date_after_pull,derived,,,,
bulls.parquet,flag_entry_estimated,derived,,,,
bulls.parquet,flag_exit_before_entry,derived,,,,
bulls.parquet,flag_exit_estimated,derived,,,,
bulls.parquet,flag_failed_bse,derived,,,,
bulls.parquet,flag_left_no_reason,derived,,,,
bulls.parquet,flag_left_undated,derived,,,,
bulls.parquet,flag_no_birth_date,derived,,,,
bulls.parquet,flag_no_bse,derived,,,,
bulls.parquet,flag_no_weights,derived,,,,
bulls.parquet,flag_placeholder_birth,derived,,,,
bulls.parquet,flag_used_despite_fail,derived,,,,
bulls.parquet,flag_weaning_after_exit,derived,,,,
bulls.parquet,flag_weaning_assumed,derived,,,,
bulls.parquet,last_weight,sourced,,,,
bulls.parquet,last_weight_date,sourced,,,,
bulls.parquet,name,sourced,,,,
bulls.parquet,purchase_date,sourced,,,,
bulls.parquet,purchased,sourced,,,,
bulls.parquet,reason_for_sale,sourced,,,,
bulls.parquet,sale_date,sourced,,,,
bulls.parquet,sale_weight,sourced,,,,
bulls.parquet,sex,sourced,,,,
bulls.parquet,status,sourced,,,,
bulls.parquet,weaning_date,sourced,,,,
bulls.parquet,weaning_source,derived,,,,
bulls.parquet,weaning_weight,sourced,,,,
bulls.parquet,yearling_weight,sourced,,,,
calf_fates.parquet,animal_id,sourced,,,,
calf_fates.parquet,c_wean_source,derived,,,,
calf_fates.parquet,flag_exit_before_birth,derived,,,,
calf_fates.parquet,flag_transition_after_exit,derived,,,,
calf_fates.parquet,flag_weaning_assumed,derived,,,,
cow_lactations.parquet,animal_id,sourced,,,,
cow_lactations.parquet,conception_method,sourced,,,,
cow_lactations.parquet,dam_link_source,derived,,,,
cow_lactations.parquet,due_date,sourced,,,,
cow_lactations.parquet,ear_tag,sourced,,,,
cow_lactations.parquet,flag_implausible_multiple,derived,,,,
cow_lactations.parquet,flag_impossible_age,derived,,,,
cow_lactations.parquet,flag_left_censored,derived,,,,
cow_lactations.parquet,flag_long_interval,derived,,,,
cow_lactations.parquet,flag_multiple_birth,derived,,,,
cow_lactations.parquet,flag_no_dam_birthdate,derived,,,,
cow_lactations.parquet,flag_no_service_record,derived,,,,
cow_lactations.parquet,flag_parity_unknown,derived,,,,
cow_lactations.parquet,flag_right_censored,derived,,,,
cow_lactations.parquet,flag_short_interval,derived,,,,
cow_lactations.parquet,flag_spans_horizon,derived,,,,
cow_lactations.parquet,start_rule,derived,,,,
cow_scorecard.parquet,animal_id,sourced,,,,
cow_scorecard.parquet,ear_tag,sourced,,,,
cow_scorecard.parquet,status,sourced,,,,
disease_cases.parquet,animal_id,sourced,,,,
disease_cases.parquet,birth_date,sourced,,,,
disease_cases.parquet,clock_anchor,derived,,,,
disease_cases.parquet,flag_clock_not_true,derived,,,,
disease_cases.parquet,flag_long_case,derived,,,,
disease_cases.parquet,flag_no_birth_date,derived,,,,
disease_cases.parquet,flag_no_diagnosis,derived,,,,
disease_cases.parquet,flag_no_location,derived,,,,
disease_cases.parquet,flag_phase_disagrees,derived,,,,
disease_cases.parquet,flag_pre_horizon_birth,derived,,,,
disease_cases.parquet,flag_single_treatment,derived,,,,
disease_cases.parquet,pasture_id,sourced,,,,
disease_cases.parquet,sex,sourced,,,,
disease_cases.parquet,status,sourced,,,,
locations.parquet,acres_grazeable,sourced,,,,
locations.parquet,animal_id,sourced,,,,
locations.parquet,birth_date,sourced,,,,
locations.parquet,flag_after_pull,derived,,,,
locations.parquet,flag_no_pasture_name,derived,,,,
locations.parquet,flag_open_interval,derived,,,,
locations.parquet,flag_starts_before_entry,derived,,,,
locations.parquet,pasture_id,sourced,,,,
locations.parquet,premises_id,sourced,,,,
locations.parquet,sex,sourced,,,,
phase_risk.parquet,animal_id,sourced,,,,
phase_risk.parquet,birth_date,sourced,,,,
phase_risk.parquet,clock_anchor,derived,,,,
phase_risk.parquet,completed,sourced,,,,
phase_risk.parquet,flag_censored,derived,,,,
phase_risk.parquet,flag_clock_not_true,derived,,,,
phase_risk.parquet,flag_no_birth_date,derived,,,,
phase_risk.parquet,flag_pre_horizon_birth,derived,,,,
phase_risk.parquet,flag_start_before_birth,derived,,,,
phase_risk.parquet,flag_zero_length,derived,,,,
phase_risk.parquet,sex,sourced,,,,
phase_risk.parquet,status,sourced,,,,
treatments.parquet,administered_by,sourced,,,,
treatments.parquet,animal_id,sourced,,,,
treatments.parquet,birth_date,sourced,,,,
treatments.parquet,booster_date,sourced,,,,
treatments.parquet,comments,sourced,,,,
treatments.parquet,diagnosis,sourced,,,,
treatments.parquet,dosage,sourced,,,,
treatments.parquet,ear_tag,sourced,,,,
treatments.parquet,flag_duplicate_event,derived,,,,
treatments.parquet,flag_negative_age,derived,,,,
treatments.parquet,flag_no_birth_date,derived,,,,
treatments.parquet,flag_no_diagnosis,derived,,,,
treatments.parquet,flag_no_withdrawal_date,derived,,,,
treatments.parquet,flag_reference_animal,derived,,,,
treatments.parquet,flag_unclassified_disease,derived,,,,
treatments.parquet,flag_unclassified_drug,derived,,,,
treatments.parquet,lot_number,sourced,,,,
treatments.parquet,manufacturer,sourced,,,,
treatments.parquet,medication,sourced,,,,
treatments.parquet,route,sourced,,,,
treatments.parquet,sex,sourced,,,,
treatments.parquet,temperature,sourced,,,,
treatments.parquet,treatment_date,sourced,,,,
treatments.parquet,withdrawal_date,sourced,,,,
