"table","column","type","filled","rows_in_table","name_in_export","classification","approved_by","approved_date","note"
"animals.parquet","calf_start","Date",4870,4870,FALSE,"derived (min/max of child records)",,,
"animals.parquet","category_name","character",1808,4870,FALSE,"sourced (joined label)",,,
"animals.parquet","cow_start","Date",1345,4870,FALSE,"derived (min/max of child records)",,,
"animals.parquet","days_active_after_exit","numeric",2984,4870,FALSE,"derived",,,
"animals.parquet","donor_start","Date",14,4870,FALSE,"derived (min/max of child records)",,,
"animals.parquet","entry_date","Date",4870,4870,FALSE,"derived (min/max of child records)",,,
"animals.parquet","exit_date","Date",3013,4870,FALSE,"derived (min/max of child records)",,,
"animals.parquet","exit_reason","character",1689,4870,FALSE,"sourced (joined label)",,,
"animals.parquet","exit_reason_group","character",1689,4870,FALSE,"derived",,,
"animals.parquet","first_calving_date","Date",1345,4870,FALSE,"derived (min/max of child records)",,,
"animals.parquet","first_movement_date","Date",4566,4870,FALSE,"derived (min/max of child records)",,,
"animals.parquet","first_preg_check","Date",1691,4870,FALSE,"derived (min/max of child records)",,,
"animals.parquet","first_service_date","Date",1961,4870,FALSE,"derived (min/max of child records)",,,
"animals.parquet","first_sire_use_date","Date",37,4870,FALSE,"derived (min/max of child records)",,,
"animals.parquet","group_names","array",566,4870,FALSE,"sourced (joined label)",,,
"animals.parquet","growing_start","Date",3864,4870,FALSE,"derived (min/max of child records)",,,
"animals.parquet","inactivated_date","Date",308,4870,FALSE,"invented",,,
"animals.parquet","last_activity_date","Date",4841,4870,FALSE,"derived (min/max of child records)",,,
"animals.parquet","last_service_date","Date",1961,4870,FALSE,"derived (min/max of child records)",,,
"animals.parquet","n_calves","integer",4870,4870,FALSE,"derived",,,
"animals.parquet","phase_now","character",1858,4870,FALSE,"derived",,,
"animals.parquet","recipient_start","Date",446,4870,FALSE,"derived (min/max of child records)",,,
"animals.parquet","sale_ticket_date","Date",2225,4870,FALSE,"derived (min/max of child records)",,,
"animals.parquet","sire_start","Date",37,4870,FALSE,"derived (min/max of child records)",,,
"bulls.parquet","adj_ww","numeric",1177,1781,FALSE,"derived",,,
"bulls.parquet","adj_yw","numeric",945,1781,FALSE,"derived",,,
"bulls.parquet","age_at_first_use_mo","numeric",35,1781,FALSE,"derived",,,
"bulls.parquet","age_now_mo","numeric",1657,1781,FALSE,"derived",,,
"bulls.parquet","breeding_methods","array",37,1781,FALSE,"derived",,,
"bulls.parquet","bse_outcome","character",507,1781,FALSE,"derived",,,
"bulls.parquet","bull_role","character",1781,1781,FALSE,"derived",,,
"bulls.parquet","calf_start","Date",1781,1781,FALSE,"derived (min/max of child records)",,,
"bulls.parquet","category_name","character",589,1781,FALSE,"sourced (joined label)",,,
"bulls.parquet","cow_start","Date",2,1781,FALSE,"derived (min/max of child records)",,,
"bulls.parquet","days_active_after_exit","numeric",1253,1781,FALSE,"derived",,,
"bulls.parquet","donor_start","Date",0,1781,FALSE,"derived (min/max of child records)",,,
"bulls.parquet","entry_date","Date",1781,1781,FALSE,"derived (min/max of child records)",,,
"bulls.parquet","ever_failed_bse","logical",98,1781,FALSE,"derived",,,
"bulls.parquet","ever_used_as_sire","logical",37,1781,FALSE,"derived",,,
"bulls.parquet","exit_date","Date",1255,1781,FALSE,"derived (min/max of child records)",,,
"bulls.parquet","exit_reason","character",516,1781,FALSE,"sourced (joined label)",,,
"bulls.parquet","exit_reason_group","character",516,1781,FALSE,"derived",,,
"bulls.parquet","first_bse_date","Date",511,1781,FALSE,"derived",,,
"bulls.parquet","first_calving_date","Date",2,1781,FALSE,"derived (min/max of child records)",,,
"bulls.parquet","first_movement_date","Date",1672,1781,FALSE,"derived (min/max of child records)",,,
"bulls.parquet","first_preg_check","Date",2,1781,FALSE,"derived (min/max of child records)",,,
"bulls.parquet","first_service_date","Date",1,1781,FALSE,"derived (min/max of child records)",,,
"bulls.parquet","first_sire_use","Date",37,1781,FALSE,"derived",,,
"bulls.parquet","first_sire_use_date","Date",37,1781,FALSE,"derived (min/max of child records)",,,
"bulls.parquet","group_names","array",101,1781,FALSE,"sourced (joined label)",,,
"bulls.parquet","growing_start","Date",1378,1781,FALSE,"derived (min/max of child records)",,,
"bulls.parquet","inactivated_date","Date",88,1781,FALSE,"invented",,,
"bulls.parquet","last_activity_date","Date",1779,1781,FALSE,"derived (min/max of child records)",,,
"bulls.parquet","last_bse_class","character",507,1781,FALSE,"derived",,,
"bulls.parquet","last_bse_date","Date",511,1781,FALSE,"derived",,,
"bulls.parquet","last_bse_motility","character",464,1781,FALSE,"derived",,,
"bulls.parquet","last_bse_normal","numeric",98,1781,FALSE,"derived",,,
"bulls.parquet","last_bse_scrotal","numeric",403,1781,FALSE,"derived",,,
"bulls.parquet","last_service_date","Date",1,1781,FALSE,"derived (min/max of child records)",,,
"bulls.parquet","last_sire_use","Date",37,1781,FALSE,"derived",,,
"bulls.parquet","n_bse","integer",1781,1781,FALSE,"derived",,,
"bulls.parquet","n_calves","integer",1781,1781,FALSE,"derived",,,
"bulls.parquet","n_progeny","integer",1781,1781,FALSE,"derived",,,
"bulls.parquet","n_services_as_sire","integer",1781,1781,FALSE,"derived",,,
"bulls.parquet","n_weights","integer",1781,1781,FALSE,"derived",,,
"bulls.parquet","phase_now","character",526,1781,FALSE,"derived",,,
"bulls.parquet","recipient_start","Date",1,1781,FALSE,"derived (min/max of child records)",,,
"bulls.parquet","sale_ticket_date","Date",976,1781,FALSE,"derived (min/max of child records)",,,
"bulls.parquet","sire_start","Date",37,1781,FALSE,"derived (min/max of child records)",,,
"calf_fates.parquet","age_at_transition","numeric",1738,4025,FALSE,"derived",,,
"calf_fates.parquet","c_age_exit","numeric",1975,4025,FALSE,"derived",,,
"calf_fates.parquet","c_age_now","numeric",4025,4025,FALSE,"derived",,,
"calf_fates.parquet","c_birth","Date",4025,4025,FALSE,"derived",,,
"calf_fates.parquet","c_exit","Date",1975,4025,FALSE,"derived",,,
"calf_fates.parquet","c_reason","character",1130,4025,FALSE,"derived",,,
"calf_fates.parquet","c_reason_group","character",1130,4025,FALSE,"derived",,,
"calf_fates.parquet","c_sex","character",3125,4025,FALSE,"derived",,,
"calf_fates.parquet","c_status","character",3139,4025,FALSE,"derived",,,
"calf_fates.parquet","c_wean","Date",2608,4025,FALSE,"derived",,,
"calf_fates.parquet","calf_birth_date","Date",4025,4025,FALSE,"sourced (joined label)",,,
"calf_fates.parquet","calf_id","character",4025,4025,FALSE,"derived",,,
"calf_fates.parquet","calf_in_animals","logical",3139,4025,FALSE,"derived",,,
"calf_fates.parquet","delivered","logical",1733,4025,FALSE,"derived",,,
"calf_fates.parquet","loss_type","character",364,4025,FALSE,"derived",,,
"calf_fates.parquet","neonatal_days","numeric",4025,4025,FALSE,"derived",,,
"calf_fates.parquet","outcome","character",4025,4025,FALSE,"derived",,,
"calf_fates.parquet","outcome_final","logical",2097,4025,FALSE,"derived",,,
"calf_fates.parquet","outcome_stage","character",4025,4025,FALSE,"derived",,,
"calf_fates.parquet","parity","integer",4025,4025,FALSE,"derived",,,
"calf_fates.parquet","season_index","integer",4025,4025,FALSE,"derived",,,
"calf_fates.parquet","season_start","Date",4025,4025,FALSE,"derived (min/max of child records)",,,
"calf_fates.parquet","transition_date","Date",1738,4025,FALSE,"derived (min/max of child records)",,,
"calf_fates.parquet","transition_kind","character",1738,4025,FALSE,"derived",,,
"calf_fates.parquet","transitioned","logical",1733,4025,FALSE,"derived",,,
"calf_fates.parquet","weaned","logical",2570,4025,FALSE,"derived",,,
"cow_lactations.parquet","age_at_calving_yrs","numeric",5579,5937,FALSE,"derived",,,
"cow_lactations.parquet","age_at_start_days","numeric",5579,5937,FALSE,"derived",,,
"cow_lactations.parquet","any_et","logical",642,5937,FALSE,"derived",,,
"cow_lactations.parquet","breeding_season","character",4394,5937,FALSE,"derived",,,
"cow_lactations.parquet","breeding_type","character",4394,5937,FALSE,"derived",,,
"cow_lactations.parquet","calf_birth_date","Date",4025,5937,FALSE,"sourced (joined label)",,,
"cow_lactations.parquet","calf_crop","character",4394,5937,FALSE,"derived",,,
"cow_lactations.parquet","calf_id","character",4025,5937,FALSE,"derived",,,
"cow_lactations.parquet","calf_sex","character",4011,5937,FALSE,"sourced (joined label)",,,
"cow_lactations.parquet","calved","logical",4025,5937,FALSE,"derived",,,
"cow_lactations.parquet","calving_interval_days","numeric",2685,5937,FALSE,"derived",,,
"cow_lactations.parquet","censored","logical",983,5937,FALSE,"derived",,,
"cow_lactations.parquet","crop_type","character",4394,5937,FALSE,"derived",,,
"cow_lactations.parquet","crop_year","integer",4394,5937,FALSE,"derived",,,
"cow_lactations.parquet","dam_status","character",5937,5937,FALSE,"derived",,,
"cow_lactations.parquet","days_to_first_service","numeric",4396,5937,FALSE,"derived",,,
"cow_lactations.parquet","donor","logical",45,5937,FALSE,"derived",,,
"cow_lactations.parquet","exit_date","Date",3270,5937,FALSE,"derived (min/max of child records)",,,
"cow_lactations.parquet","exit_reason","character",2436,5937,FALSE,"sourced (joined label)",,,
"cow_lactations.parquet","exit_reason_group","character",2436,5937,FALSE,"derived",,,
"cow_lactations.parquet","exposed","logical",4396,5937,FALSE,"derived",,,
"cow_lactations.parquet","first_service","Date",4396,5937,FALSE,"derived (min/max of child records)",,,
"cow_lactations.parquet","gestation_days","numeric",2735,5937,FALSE,"derived",,,
"cow_lactations.parquet","interval_ready","logical",2591,5937,FALSE,"derived",,,
"cow_lactations.parquet","last_service","Date",4396,5937,FALSE,"derived (min/max of child records)",,,
"cow_lactations.parquet","lost_before_calving","logical",582,5937,FALSE,"derived",,,
"cow_lactations.parquet","methods","character",4396,5937,FALSE,"derived",,,
"cow_lactations.parquet","n_calves_born","integer",4025,5937,FALSE,"derived",,,
"cow_lactations.parquet","n_preg_checks","integer",5937,5937,FALSE,"derived",,,
"cow_lactations.parquet","n_services","integer",5937,5937,FALSE,"derived",,,
"cow_lactations.parquet","outcome","character",5937,5937,FALSE,"derived",,,
"cow_lactations.parquet","parity","integer",5937,5937,FALSE,"derived",,,
"cow_lactations.parquet","rate_ready","logical",3380,5937,FALSE,"derived",,,
"cow_lactations.parquet","recipient","logical",819,5937,FALSE,"derived",,,
"cow_lactations.parquet","record_horizon","Date",5937,5937,FALSE,"derived",,,
"cow_lactations.parquet","retained_to_due","logical",5355,5937,FALSE,"derived",,,
"cow_lactations.parquet","season_days","numeric",5937,5937,FALSE,"derived",,,
"cow_lactations.parquet","season_end","Date",5937,5937,FALSE,"derived (min/max of child records)",,,
"cow_lactations.parquet","season_index","integer",5937,5937,FALSE,"derived",,,
"cow_lactations.parquet","season_start","Date",5937,5937,FALSE,"derived (min/max of child records)",,,
"cow_scorecard.parquet","age_yrs","numeric",1474,1625,FALSE,"derived",,,
"cow_scorecard.parquet","calvings","integer",1625,1625,FALSE,"derived",,,
"cow_scorecard.parquet","delivered","integer",1625,1625,FALSE,"derived",,,
"cow_scorecard.parquet","exit_reason_group","character",687,1625,FALSE,"derived",,,
"cow_scorecard.parquet","failure_mode","character",1625,1625,FALSE,"derived",,,
"cow_scorecard.parquet","final","integer",1625,1625,FALSE,"derived",,,
"cow_scorecard.parquet","first_season","Date",1625,1625,FALSE,"derived",,,
"cow_scorecard.parquet","here","logical",711,1625,FALSE,"derived",,,
"cow_scorecard.parquet","intervals","integer",1625,1625,FALSE,"derived",,,
"cow_scorecard.parquet","into_herd","integer",1625,1625,FALSE,"derived",,,
"cow_scorecard.parquet","last_season","Date",1625,1625,FALSE,"derived",,,
"cow_scorecard.parquet","left_open","integer",1625,1625,FALSE,"derived",,,
"cow_scorecard.parquet","long_interval_days","numeric",1625,1625,FALSE,"derived",,,
"cow_scorecard.parquet","lost","integer",1625,1625,FALSE,"derived",,,
"cow_scorecard.parquet","lost_birth","integer",1625,1625,FALSE,"derived",,,
"cow_scorecard.parquet","lost_postWean","integer",1625,1625,FALSE,"derived",,,
"cow_scorecard.parquet","lost_preWean","integer",1625,1625,FALSE,"derived",,,
"cow_scorecard.parquet","lost_unknown","integer",1625,1625,FALSE,"derived",,,
"cow_scorecard.parquet","med_interval","numeric",734,1625,FALSE,"derived",,,
"cow_scorecard.parquet","neonatal_days","numeric",1625,1625,FALSE,"derived",,,
"cow_scorecard.parquet","open_record_complete","logical",914,1625,FALSE,"derived",,,
"cow_scorecard.parquet","pct_calved","numeric",1625,1625,FALSE,"derived",,,
"cow_scorecard.parquet","pct_delivered","numeric",1204,1625,FALSE,"derived",,,
"cow_scorecard.parquet","pct_left_open","numeric",902,1625,FALSE,"derived",,,
"cow_scorecard.parquet","pct_slipped","numeric",734,1625,FALSE,"derived",,,
"cow_scorecard.parquet","preliminary","integer",1625,1625,FALSE,"derived",,,
"cow_scorecard.parquet","rankable","logical",347,1625,FALSE,"derived",,,
"cow_scorecard.parquet","seasons","integer",1625,1625,FALSE,"derived",,,
"cow_scorecard.parquet","slipped","integer",1625,1625,FALSE,"derived",,,
"cow_scorecard.parquet","sold","integer",1625,1625,FALSE,"derived",,,
"cow_scorecard.parquet","unknowable","integer",1625,1625,FALSE,"derived",,,
"disease_cases.parquet","age_days_at_onset","numeric",2384,2543,FALSE,"derived",,,
"disease_cases.parquet","age_months_at_onset","numeric",2384,2543,FALSE,"derived",,,
"disease_cases.parquet","case_fatal","logical",178,2543,FALSE,"derived",,,
"disease_cases.parquet","case_gap_days","numeric",2543,2543,FALSE,"derived",,,
"disease_cases.parquet","case_id","integer",2543,2543,FALSE,"derived",,,
"disease_cases.parquet","clock_true","logical",2331,2543,FALSE,"derived",,,
"disease_cases.parquet","day_of_phase","numeric",2499,2543,FALSE,"derived",,,
"disease_cases.parquet","day_of_phase_clean","numeric",2320,2543,FALSE,"derived",,,
"disease_cases.parquet","days_to_death","numeric",178,2543,FALSE,"derived",,,
"disease_cases.parquet","death_window_days","numeric",2543,2543,FALSE,"derived",,,
"disease_cases.parquet","disease","character",2543,2543,FALSE,"derived",,,
"disease_cases.parquet","duration_days","numeric",2543,2543,FALSE,"derived",,,
"disease_cases.parquet","end_date","Date",2543,2543,FALSE,"derived (min/max of child records)",,,
"disease_cases.parquet","exit_date","Date",1433,2543,FALSE,"derived (min/max of child records)",,,
"disease_cases.parquet","exit_reason_group","character",799,2543,FALSE,"derived",,,
"disease_cases.parquet","max_temp","numeric",256,2543,FALSE,"derived",,,
"disease_cases.parquet","n_treatments","integer",2543,2543,FALSE,"derived",,,
"disease_cases.parquet","outcome","character",2543,2543,FALSE,"derived",,,
"disease_cases.parquet","pasture_name","character",2469,2543,FALSE,"sourced (joined label)",,,
"disease_cases.parquet","phase_at_onset","character",2499,2543,FALSE,"derived",,,
"disease_cases.parquet","phase_at_start","character",2510,2543,FALSE,"derived",,,
"disease_cases.parquet","phase_length_days","numeric",2499,2543,FALSE,"derived",,,
"disease_cases.parquet","start_date","Date",2543,2543,FALSE,"derived (min/max of child records)",,,
"disease_cases.parquet","substances","character",2543,2543,FALSE,"derived",,,
"exclusions.parquet","detail","character",20,20,FALSE,"derived",,,
"exclusions.parquet","n_animals","integer",11,20,FALSE,"derived",,,
"exclusions.parquet","n_records","integer",20,20,FALSE,"derived",,,
"exclusions.parquet","reason","character",20,20,FALSE,"derived",,,
"exclusions.parquet","recorded","Date",20,20,FALSE,"derived",,,
"exclusions.parquet","recoverable","logical",10,20,FALSE,"derived",,,
"exclusions.parquet","table","character",20,20,FALSE,"derived",,,
"locations.parquet","age_days_at_start","numeric",63484,65543,FALSE,"derived",,,
"locations.parquet","days","numeric",65543,65543,FALSE,"derived",,,
"locations.parquet","entry_date","Date",65543,65543,FALSE,"derived (min/max of child records)",,,
"locations.parquet","exit_date","Date",34974,65543,FALSE,"derived (min/max of child records)",,,
"locations.parquet","from_date","Date",65543,65543,FALSE,"derived (min/max of child records)",,,
"locations.parquet","is_last","logical",3864,65543,FALSE,"derived",,,
"locations.parquet","pasture_name","character",60055,65543,FALSE,"sourced (joined label)",,,
"locations.parquet","phase_at_start","character",64809,65543,FALSE,"derived",,,
"locations.parquet","seq","integer",65543,65543,FALSE,"derived",,,
"locations.parquet","to_date","Date",65543,65543,FALSE,"derived (min/max of child records)",,,
"phase_risk.parquet","age_days_at_phase_start","numeric",8894,9487,FALSE,"derived",,,
"phase_risk.parquet","clock_true","logical",8390,9487,FALSE,"derived",,,
"phase_risk.parquet","cohort","character",9487,9487,FALSE,"derived",,,
"phase_risk.parquet","cohort_season","character",9487,9487,FALSE,"derived",,,
"phase_risk.parquet","cohort_sort","numeric",9487,9487,FALSE,"derived",,,
"phase_risk.parquet","cohort_year","integer",9487,9487,FALSE,"derived",,,
"phase_risk.parquet","days_anchor_late","numeric",634,9487,FALSE,"derived",,,
"phase_risk.parquet","days_at_risk","numeric",9487,9487,FALSE,"derived",,,
"phase_risk.parquet","ended_by","character",9487,9487,FALSE,"derived",,,
"phase_risk.parquet","exit_date","Date",5777,9487,FALSE,"derived (min/max of child records)",,,
"phase_risk.parquet","phase","character",9487,9487,FALSE,"derived",,,
"phase_risk.parquet","phase_clock","character",9487,9487,FALSE,"derived",,,
"phase_risk.parquet","phase_end","Date",9487,9487,FALSE,"derived",,,
"phase_risk.parquet","phase_start","Date",9487,9487,FALSE,"derived",,,
"treatments.parquet","active_substance","character",4895,4895,FALSE,"derived",,,
"treatments.parquet","age_days_at_treatment","numeric",4676,4895,FALSE,"derived",,,
"treatments.parquet","age_months_at_treatment","numeric",4676,4895,FALSE,"derived",,,
"treatments.parquet","body_location","character",2619,4895,FALSE,"derived",,,
"treatments.parquet","dam_status","character",4859,4895,FALSE,"derived",,,
"treatments.parquet","disease_category","character",2798,4895,FALSE,"derived",,,
"treatments.parquet","drug_class","character",4895,4895,FALSE,"derived",,,
"treatments.parquet","in_animals_parquet","logical",4859,4895,FALSE,"derived",,,
"treatments.parquet","is_preventative","logical",1631,4895,FALSE,"derived",,,
"treatments.parquet","is_therapeutic","logical",3132,4895,FALSE,"derived",,,
"treatments.parquet","phase_at_treatment","character",4840,4895,FALSE,"derived",,,
"treatments.parquet","raw_category","character",1196,4895,FALSE,"derived",,,
"treatments.parquet","record_horizon","Date",4895,4895,FALSE,"derived",,,
"treatments.parquet","treatment_id","character",4895,4895,FALSE,"derived",,,
"treatments.parquet","treatment_intent","character",4895,4895,FALSE,"derived",,,
"treatments.parquet","withdrawal_days","numeric",272,4895,FALSE,"derived",,,
"animals.parquet","animal_id","character",4870,4870,TRUE,"sourced",,,
"animals.parquet","animal_type","character",4870,4870,TRUE,"sourced",,,
"animals.parquet","birth_date","Date",4400,4870,TRUE,"sourced",,,
"animals.parquet","category_id","character",3291,4870,TRUE,"sourced",,,
"animals.parquet","death_date","Date",480,4870,TRUE,"sourced",,,
"animals.parquet","ear_tag","character",3220,4870,TRUE,"sourced",,,
"animals.parquet","entry_rule","character",4870,4870,FALSE,"derived",,,
"animals.parquet","exit_reason_source","character",1689,4870,FALSE,"derived",,,
"animals.parquet","exit_rule","character",4870,4870,FALSE,"derived",,,
"animals.parquet","flag_activity_after_exit","logical",791,4870,FALSE,"derived",,,
"animals.parquet","flag_date_after_pull","array",1,4870,FALSE,"derived",,,
"animals.parquet","flag_entry_estimated","logical",373,4870,FALSE,"derived",,,
"animals.parquet","flag_exit_before_entry","logical",8,4870,FALSE,"derived",,,
"animals.parquet","flag_exit_estimated","logical",308,4870,FALSE,"derived",,,
"animals.parquet","flag_left_no_reason","logical",1324,4870,FALSE,"derived",,,
"animals.parquet","flag_left_undated","logical",308,4870,FALSE,"derived",,,
"animals.parquet","flag_no_birth_date","logical",470,4870,FALSE,"derived",,,
"animals.parquet","flag_placeholder_birth","logical",329,4870,FALSE,"derived",,,
"animals.parquet","flag_weaning_after_exit","logical",42,4870,FALSE,"derived",,,
"animals.parquet","flag_weaning_assumed","logical",783,4870,FALSE,"derived",,,
"animals.parquet","name","character",2877,4870,TRUE,"sourced",,,
"animals.parquet","purchase_date","Date",728,4870,TRUE,"sourced",,,
"animals.parquet","purchased","logical",754,4870,TRUE,"sourced",,,
"animals.parquet","sale_date","Date",2096,4870,TRUE,"sourced",,,
"animals.parquet","sex","character",4846,4870,TRUE,"sourced",,,
"animals.parquet","status","character",4870,4870,TRUE,"sourced",,,
"animals.parquet","weaning_date","Date",3864,4870,TRUE,"sourced",,,
"animals.parquet","weaning_source","character",4870,4870,FALSE,"derived",,,
"bulls.parquet","animal_id","character",1781,1781,TRUE,"sourced",,,
"bulls.parquet","animal_type","character",1781,1781,TRUE,"sourced",,,
"bulls.parquet","birth_date","Date",1657,1781,TRUE,"sourced",,,
"bulls.parquet","birth_weight","numeric",1081,1781,TRUE,"sourced",,,
"bulls.parquet","category_id","character",1230,1781,TRUE,"sourced",,,
"bulls.parquet","death_date","Date",191,1781,TRUE,"sourced",,,
"bulls.parquet","ear_tag","character",1272,1781,TRUE,"sourced",,,
"bulls.parquet","entry_rule","character",1781,1781,FALSE,"derived",,,
"bulls.parquet","exit_reason_source","character",516,1781,FALSE,"derived",,,
"bulls.parquet","exit_rule","character",1781,1781,FALSE,"derived",,,
"bulls.parquet","flag_activity_after_exit","logical",496,1781,FALSE,"derived",,,
"bulls.parquet","flag_date_after_pull","array",0,1781,FALSE,"derived",,,
"bulls.parquet","flag_entry_estimated","logical",118,1781,FALSE,"derived",,,
"bulls.parquet","flag_exit_before_entry","logical",2,1781,FALSE,"derived",,,
"bulls.parquet","flag_exit_estimated","logical",88,1781,FALSE,"derived",,,
"bulls.parquet","flag_failed_bse","logical",98,1781,FALSE,"derived",,,
"bulls.parquet","flag_left_no_reason","logical",739,1781,FALSE,"derived",,,
"bulls.parquet","flag_left_undated","logical",88,1781,FALSE,"derived",,,
"bulls.parquet","flag_no_birth_date","logical",124,1781,FALSE,"derived",,,
"bulls.parquet","flag_no_bse","logical",1270,1781,FALSE,"derived",,,
"bulls.parquet","flag_no_weights","logical",25,1781,FALSE,"derived",,,
"bulls.parquet","flag_placeholder_birth","logical",9,1781,FALSE,"derived",,,
"bulls.parquet","flag_used_despite_fail","logical",6,1781,FALSE,"derived",,,
"bulls.parquet","flag_weaning_after_exit","logical",13,1781,FALSE,"derived",,,
"bulls.parquet","flag_weaning_assumed","logical",140,1781,FALSE,"derived",,,
"bulls.parquet","last_weight","numeric",1496,1781,TRUE,"sourced",,,
"bulls.parquet","last_weight_date","Date",1496,1781,TRUE,"sourced",,,
"bulls.parquet","name","character",1066,1781,TRUE,"sourced",,,
"bulls.parquet","purchase_date","Date",43,1781,TRUE,"sourced",,,
"bulls.parquet","purchased","logical",55,1781,TRUE,"sourced",,,
"bulls.parquet","reason_for_sale","character",334,1781,TRUE,"sourced",,,
"bulls.parquet","sale_date","Date",851,1781,TRUE,"sourced",,,
"bulls.parquet","sale_weight","numeric",74,1781,TRUE,"sourced",,,
"bulls.parquet","sex","character",1781,1781,TRUE,"sourced",,,
"bulls.parquet","status","character",1781,1781,TRUE,"sourced",,,
"bulls.parquet","weaning_date","Date",1378,1781,TRUE,"sourced",,,
"bulls.parquet","weaning_source","character",1781,1781,FALSE,"derived",,,
"bulls.parquet","weaning_weight","numeric",788,1781,TRUE,"sourced",,,
"bulls.parquet","yearling_weight","numeric",650,1781,TRUE,"sourced",,,
"calf_fates.parquet","animal_id","character",4025,4025,TRUE,"sourced",,,
"calf_fates.parquet","c_wean_source","character",3139,4025,FALSE,"derived",,,
"calf_fates.parquet","flag_exit_before_birth","logical",6,4025,FALSE,"derived",,,
"calf_fates.parquet","flag_transition_after_exit","logical",5,4025,FALSE,"derived",,,
"calf_fates.parquet","flag_weaning_assumed","logical",192,4025,FALSE,"derived",,,
"cow_lactations.parquet","animal_id","character",5937,5937,TRUE,"sourced",,,
"cow_lactations.parquet","conception_method","character",2694,5937,TRUE,"sourced",,,
"cow_lactations.parquet","dam_link_source","character",4025,5937,FALSE,"derived",,,
"cow_lactations.parquet","due_date","Date",4396,5937,TRUE,"sourced",,,
"cow_lactations.parquet","ear_tag","character",2354,5937,TRUE,"sourced",,,
"cow_lactations.parquet","flag_implausible_multiple","logical",47,5937,FALSE,"derived",,,
"cow_lactations.parquet","flag_impossible_age","logical",1,5937,FALSE,"derived",,,
"cow_lactations.parquet","flag_left_censored","logical",1186,5937,FALSE,"derived",,,
"cow_lactations.parquet","flag_long_interval","logical",246,5937,FALSE,"derived",,,
"cow_lactations.parquet","flag_multiple_birth","logical",167,5937,FALSE,"derived",,,
"cow_lactations.parquet","flag_no_dam_birthdate","logical",358,5937,FALSE,"derived",,,
"cow_lactations.parquet","flag_no_service_record","logical",1541,5937,FALSE,"derived",,,
"cow_lactations.parquet","flag_parity_unknown","logical",323,5937,FALSE,"derived",,,
"cow_lactations.parquet","flag_right_censored","logical",983,5937,FALSE,"derived",,,
"cow_lactations.parquet","flag_short_interval","logical",183,5937,FALSE,"derived",,,
"cow_lactations.parquet","flag_spans_horizon","logical",318,5937,FALSE,"derived",,,
"cow_lactations.parquet","start_rule","character",5937,5937,FALSE,"derived",,,
"cow_scorecard.parquet","animal_id","character",1625,1625,TRUE,"sourced",,,
"cow_scorecard.parquet","ear_tag","character",924,1625,TRUE,"sourced",,,
"cow_scorecard.parquet","status","character",1625,1625,TRUE,"sourced",,,
"disease_cases.parquet","animal_id","character",2543,2543,TRUE,"sourced",,,
"disease_cases.parquet","birth_date","Date",2384,2543,TRUE,"sourced",,,
"disease_cases.parquet","clock_anchor","character",2499,2543,FALSE,"derived",,,
"disease_cases.parquet","flag_clock_not_true","logical",168,2543,FALSE,"derived",,,
"disease_cases.parquet","flag_long_case","logical",0,2543,FALSE,"derived",,,
"disease_cases.parquet","flag_no_birth_date","logical",159,2543,FALSE,"derived",,,
"disease_cases.parquet","flag_no_diagnosis","logical",283,2543,FALSE,"derived",,,
"disease_cases.parquet","flag_no_location","logical",50,2543,FALSE,"derived",,,
"disease_cases.parquet","flag_phase_disagrees","logical",3,2543,FALSE,"derived",,,
"disease_cases.parquet","flag_pre_horizon_birth","logical",11,2543,FALSE,"derived",,,
"disease_cases.parquet","flag_single_treatment","logical",2103,2543,FALSE,"derived",,,
"disease_cases.parquet","pasture_id","character",2493,2543,TRUE,"sourced",,,
"disease_cases.parquet","sex","character",2520,2543,TRUE,"sourced",,,
"disease_cases.parquet","status","character",2520,2543,TRUE,"sourced",,,
"locations.parquet","acres_grazeable","numeric",51740,65543,TRUE,"sourced",,,
"locations.parquet","animal_id","character",65543,65543,TRUE,"sourced",,,
"locations.parquet","birth_date","Date",63484,65543,TRUE,"sourced",,,
"locations.parquet","flag_after_pull","logical",2,65543,FALSE,"derived",,,
"locations.parquet","flag_no_pasture_name","logical",5488,65543,FALSE,"derived",,,
"locations.parquet","flag_open_interval","logical",1857,65543,FALSE,"derived",,,
"locations.parquet","flag_starts_before_entry","logical",734,65543,FALSE,"derived",,,
"locations.parquet","pasture_id","character",62840,65543,TRUE,"sourced",,,
"locations.parquet","premises_id","character",0,65543,TRUE,"sourced",,,
"locations.parquet","sex","character",65539,65543,TRUE,"sourced",,,
"phase_risk.parquet","animal_id","character",9487,9487,TRUE,"sourced",,,
"phase_risk.parquet","birth_date","Date",8894,9487,TRUE,"sourced",,,
"phase_risk.parquet","clock_anchor","character",9487,9487,FALSE,"derived",,,
"phase_risk.parquet","completed","logical",4625,9487,TRUE,"sourced",,,
"phase_risk.parquet","flag_censored","logical",4862,9487,FALSE,"derived",,,
"phase_risk.parquet","flag_clock_not_true","logical",1097,9487,FALSE,"derived",,,
"phase_risk.parquet","flag_no_birth_date","logical",593,9487,FALSE,"derived",,,
"phase_risk.parquet","flag_pre_horizon_birth","logical",410,9487,FALSE,"derived",,,
"phase_risk.parquet","flag_start_before_birth","logical",5,9487,FALSE,"derived",,,
"phase_risk.parquet","flag_zero_length","logical",153,9487,FALSE,"derived",,,
"phase_risk.parquet","sex","character",9465,9487,TRUE,"sourced",,,
"phase_risk.parquet","status","character",9487,9487,TRUE,"sourced",,,
"treatments.parquet","administered_by","character",3249,4895,TRUE,"sourced",,,
"treatments.parquet","animal_id","character",4895,4895,TRUE,"sourced",,,
"treatments.parquet","birth_date","Date",4676,4895,TRUE,"sourced",,,
"treatments.parquet","booster_date","Date",2,4895,TRUE,"sourced",,,
"treatments.parquet","comments","character",557,4895,TRUE,"sourced",,,
"treatments.parquet","diagnosis","character",2798,4895,TRUE,"sourced",,,
"treatments.parquet","dosage","character",3752,4895,TRUE,"sourced",,,
"treatments.parquet","ear_tag","character",3760,4895,TRUE,"sourced",,,
"treatments.parquet","flag_duplicate_event","logical",82,4895,FALSE,"derived",,,
"treatments.parquet","flag_negative_age","logical",6,4895,FALSE,"derived",,,
"treatments.parquet","flag_no_birth_date","logical",219,4895,FALSE,"derived",,,
"treatments.parquet","flag_no_diagnosis","logical",2097,4895,FALSE,"derived",,,
"treatments.parquet","flag_no_withdrawal_date","logical",4623,4895,FALSE,"derived",,,
"treatments.parquet","flag_reference_animal","logical",36,4895,FALSE,"derived",,,
"treatments.parquet","flag_unclassified_disease","logical",0,4895,FALSE,"derived",,,
"treatments.parquet","flag_unclassified_drug","logical",0,4895,FALSE,"derived",,,
"treatments.parquet","lot_number","character",58,4895,TRUE,"sourced",,,
"treatments.parquet","manufacturer","character",92,4895,TRUE,"sourced",,,
"treatments.parquet","medication","character",4895,4895,TRUE,"sourced",,,
"treatments.parquet","route","character",2873,4895,TRUE,"sourced",,,
"treatments.parquet","sex","character",4859,4895,TRUE,"sourced",,,
"treatments.parquet","temperature","numeric",270,4895,TRUE,"sourced",,,
"treatments.parquet","treatment_date","Date",4895,4895,TRUE,"sourced",,,
"treatments.parquet","withdrawal_date","Date",272,4895,TRUE,"sourced",,,
